,agent1,agent2,agent3,agent4
agent1,-0.00774,0.171425,-0.036095,0.095275
agent2,-0.167325,-0.00034,-0.20113,-0.058665
agent3,0.05673,0.19353,-0.005345,0.12905
agent4,-0.103055,0.063135,-0.131195,0.011005
